index,G_1_1,G_1_2,G_1_3,G_1_4,G_1_5,G_2_1,G_3_1,G_3_2,G_3_3,G_3_4,G_3_5,G_3_6,G_3_7,G_3_8,G_3_9,G_3_10,G_3_11,G_3_12,G_3_13,G_3_14,G_3_15,G_3_16,G_3_17,G_3_18,G_3_19,G_3_20,G_3_21,G_3_22,G_3_23,G_3_24,G_3_25,G_3_26,G_3_27,G_4_1,G_4_2,G_4_3,G_4_4,G_4_5,G_4_6,G_5_1,G_5_2,G_5_3
2023-08-26 00:00:00,1104,1056,-1,984,1104,936,1056,-1,1032,1068,1020,1152,-1,1080,1116,1152,1188,1164,1164,1272,1236,1212,1212,1260,1260,1392,1392,1332,1368,1392,1368,1296,1548,1176,-1,1152,1236,1236,1176,1728,1560,1728
2023-08-26 00:05:00,1164,1212,-1,1188,1392,936,1104,-1,1068,1116,1032,1200,-1,1332,1392,1272,1308,1368,1368,1416,1284,1368,1332,1236,1200,1116,1116,1080,1068,1116,1128,1080,1092,948,-1,912,972,936,984,1428,1524,1572
2023-08-26 00:10:00,996,996,-1,936,1260,816,912,-1,924,900,936,1008,-1,936,936,948,960,948,948,924,936,900,936,900,936,996,996,1068,1116,1080,1116,1080,972,912,-1,996,1128,1092,1104,1572,1584,1716
2023-08-26 00:15:00,1056,1020,-1,1032,1272,900,960,-1,936,936,984,1032,-1,1068,1092,1032,1092,1092,1092,1140,1080,1032,1044,1068,1044,1092,1092,984,1044,984,1020,996,1296,768,-1,792,804,828,792,1200,1140,1224
2023-08-26 00:20:00,1068,1056,-1,984,1116,816,996,-1,960,1008,960,1092,-1,1068,1080,1152,1104,1104,1104,1116,1140,1260,1284,1212,1188,1164,1164,1128,1152,1188,1164,1104,1272,924,-1,876,924,852,888,1332,1452,1440
2023-08-26 00:25:00,1044,1044,-1,996,1332,948,1020,-1,924,1032,1008,1140,-1,1152,1224,1152,1164,1128,1128,1104,1080,1104,1116,1056,1152,1128,1128,1044,1044,1044,1068,1092,1284,876,-1,768,804,756,756,1332,1344,1368
2023-08-26 00:30:00,804,900,-1,768,1032,660,756,-1,744,756,756,888,-1,888,912,912,924,936,936,1020,948,936,996,984,984,948,948,1032,1032,1020,1020,996,1188,948,-1,948,1020,984,1044,1548,1500,1512
2023-08-26 00:35:00,780,768,-1,732,960,612,744,-1,696,672,672,732,-1,696,720,708,696,708,708,756,696,720,768,780,804,828,828,840,864,840,888,864,960,768,-1,732,768,792,732,1164,1176,1260
2023-08-26 00:40:00,1020,924,-1,852,996,660,744,-1,780,840,744,912,-1,864,888,864,900,888,888,900,876,876,888,864,840,828,828,756,744,732,732,744,864,660,-1,552,576,576,564,1008,936,1020
2023-08-26 00:45:00,840,864,-1,768,864,660,720,-1,720,732,744,828,-1,900,852,864,816,852,852,864,840,840,816,804,804,804,804,876,912,924,936,864,936,804,-1,756,696,684,744,1356,1428,1356
2023-08-26 00:50:00,1128,1104,-1,1056,1416,1008,960,-1,924,960,852,948,-1,948,960,924,936,936,936,972,948,948,984,1044,936,900,900,900,912,900,900,840,924,804,-1,744,828,780,828,1572,1608,1692
2023-08-26 00:55:00,1176,1212,-1,1092,1176,876,1044,-1,948,1116,1044,1212,-1,1248,1260,1296,1332,1248,1248,1236,1176,1272,1236,1200,1212,1200,1200,1152,1152,1092,1104,1044,1140,840,-1,924,984,996,1008,1560,1500,1608
2023-08-26 01:00:00,924,984,-1,888,1176,792,900,-1,852,924,864,1032,-1,1080,1020,1068,1008,1056,1056,1068,1080,1128,1116,1128,1128,1104,1104,1116,1092,1164,1152,1140,1272,864,-1,804,768,744,780,1440,1524,1620
2023-08-26 01:05:00,1044,1044,-1,960,1236,912,960,-1,912,960,924,1032,-1,1032,1056,972,996,1068,1068,1104,1056,1092,1104,1044,1104,1056,1056,1068,1020,1008,1080,936,1068,744,-1,768,768,780,792,1428,1404,1428
2023-08-26 01:10:00,888,864,-1,804,1104,780,792,-1,816,780,696,780,-1,696,648,708,684,720,720,708,696,720,732,708,744,744,744,732,792,792,828,912,1056,744,-1,816,864,864,852,1608,1512,1668
2023-08-26 01:15:00,768,780,-1,684,828,672,768,-1,672,696,720,876,-1,960,972,960,984,984,984,984,972,996,1020,1032,960,936,936,984,984,996,996,972,1068,792,-1,804,864,840,816,1608,1632,1716
2023-08-26 01:20:00,792,852,-1,744,972,708,720,-1,732,720,648,732,-1,732,708,732,756,768,768,744,732,684,684,732,744,684,684,624,696,720,720,708,840,528,-1,540,576,504,492,1356,1368,1392
2023-08-26 01:25:00,744,696,-1,684,924,600,696,-1,684,744,684,732,-1,756,780,744,780,744,744,720,744,732,792,780,744,816,816,804,780,768,756,804,996,696,-1,696,756,768,720,1488,1392,1512
2023-08-26 01:30:00,816,864,-1,804,960,612,720,-1,720,720,780,852,-1,840,828,816,828,828,828,864,816,816,780,792,828,852,852,816,852,768,840,828,900,636,-1,696,660,672,672,1464,1476,1572
2023-08-26 01:35:00,672,672,-1,612,828,672,660,-1,696,780,708,804,-1,888,876,900,888,840,840,816,876,924,888,900,876,924,924,900,912,924,924,852,1020,768,-1,744,816,780,696,1176,1200,1248
2023-08-26 01:40:00,588,552,-1,492,780,552,600,-1,564,624,564,600,-1,588,624,588,600,588,588,624,600,600,624,588,576,516,516,564,600,600,600,648,780,504,-1,540,648,612,684,1260,1224,1200
2023-08-26 01:45:00,600,672,-1,588,840,648,624,-1,576,540,540,600,-1,576,540,552,504,456,456,552,516,504,492,516,528,576,576,564,540,540,540,516,660,492,-1,456,492,492,528,1248,1176,1260
2023-08-26 01:50:00,876,888,-1,744,1020,768,840,-1,744,732,720,768,-1,780,840,828,852,912,912,864,828,792,792,780,804,792,792,768,756,756,780,768,840,612,-1,552,588,540,564,1164,1152,1188
2023-08-26 01:55:00,648,636,-1,660,852,660,708,-1,732,720,756,864,-1,948,924,960,948,924,924,924,936,984,1032,996,984,948,948,936,912,948,960,972,1164,840,-1,804,852,792,792,1200,1248,1284
2023-08-26 02:00:00,624,552,-1,588,852,612,540,-1,576,540,540,588,-1,588,564,588,588,648,648,648,612,648,660,636,648,612,612,612,612,624,600,588,444,504,-1,528,564,600,636,1128,1152,1260
2023-08-26 02:05:00,504,516,-1,456,684,516,552,-1,600,576,516,600,-1,612,600,516,552,552,552,552,492,492,504,504,492,528,528,564,588,624,636,636,792,576,-1,492,492,468,420,1188,1140,1164
2023-08-26 02:10:00,660,636,-1,660,828,612,648,-1,648,648,636,660,-1,696,672,708,696,684,684,672,648,708,624,660,696,648,648,588,624,600,552,564,564,516,-1,516,576,516,516,996,1020,1068
2023-08-26 02:15:00,648,624,-1,552,768,540,552,-1,528,552,564,588,-1,576,576,588,600,636,636,672,672,696,660,648,672,696,696,684,672,672,648,636,612,516,-1,540,528,540,612,1116,1164,1188
2023-08-26 02:20:00,732,756,-1,768,1080,744,780,-1,756,756,744,828,-1,852,828,828,804,804,804,768,768,744,756,828,792,744,744,744,768,768,816,756,852,588,-1,648,684,624,648,936,876,972
2023-08-26 02:25:00,564,636,-1,516,684,444,516,-1,516,576,564,624,-1,648,588,624,756,696,696,696,684,720,732,732,696,708,708,696,720,732,780,792,1032,768,-1,696,792,660,732,984,924,1032
2023-08-26 02:30:00,780,780,-1,648,900,636,660,-1,648,684,636,720,-1,684,708,696,708,672,672,636,648,612,636,612,600,600,600,636,612,564,588,528,660,408,-1,444,480,516,528,996,936,960
2023-08-26 02:35:00,504,516,-1,564,876,540,540,-1,504,456,468,456,-1,528,552,540,528,576,576,564,648,636,696,648,660,708,708,624,648,648,660,648,708,576,-1,624,624,588,636,1056,1032,1236
2023-08-26 02:40:00,540,552,-1,504,684,528,528,-1,564,648,636,672,-1,708,672,672,684,672,672,696,684,708,708,660,708,684,684,660,648,576,612,600,684,480,-1,492,492,552,492,948,936,1008
2023-08-26 02:45:00,528,528,-1,456,672,504,540,-1,504,492,516,540,-1,576,600,564,588,576,576,612,600,648,636,624,612,564,564,552,576,552,588,600,852,588,-1,564,636,576,600,984,912,924
2023-08-26 02:50:00,576,552,-1,528,672,528,516,-1,528,588,540,528,-1,576,552,576,624,624,624,612,576,564,600,552,552,528,528,516,516,540,528,552,684,528,-1,480,480,480,480,960,996,1032
2023-08-26 02:55:00,456,492,-1,492,672,444,468,-1,492,564,564,624,-1,576,576,588,612,540,540,516,540,540,528,504,492,540,540,528,540,528,564,528,660,456,-1,492,528,492,492,852,780,840
2023-08-26 03:00:00,624,504,-1,444,600,384,444,-1,408,396,408,432,-1,456,468,468,480,516,516,564,540,540,516,504,528,540,540,576,552,552,552,576,672,468,-1,468,492,444,468,864,864,900
2023-08-26 03:05:00,516,576,-1,516,768,516,480,-1,492,456,516,552,-1,576,600,588,600,600,600,528,540,552,564,504,492,492,492,432,468,480,480,420,576,348,-1,384,420,372,432,804,780,864
2023-08-26 03:10:00,576,612,-1,576,756,600,636,-1,600,624,588,612,-1,576,576,540,528,540,540,576,600,612,648,696,720,624,624,480,504,468,468,444,696,492,-1,576,576,588,612,888,876,900
2023-08-26 03:15:00,648,612,-1,576,852,552,612,-1,576,576,564,576,-1,588,576,624,636,624,624,600,624,612,600,552,576,648,648,636,636,696,684,672,672,552,-1,468,528,540,528,816,792,876
2023-08-26 03:20:00,528,516,-1,456,612,396,420,-1,468,528,528,552,-1,600,636,588,636,588,588,636,612,648,672,648,672,696,696,660,684,684,672,720,876,564,-1,576,600,564,600,816,780,804
2023-08-26 03:25:00,552,552,-1,576,804,624,648,-1,612,540,588,636,-1,636,648,648,636,648,648,552,552,540,552,576,564,540,540,552,516,516,504,456,672,420,-1,444,432,420,432,588,600,672
2023-08-26 03:30:00,456,444,-1,384,492,324,372,-1,372,408,384,456,-1,456,468,456,468,480,480,540,564,588,600,564,588,504,504,468,504,516,564,612,672,528,-1,612,624,636,624,768,672,744
2023-08-26 03:35:00,492,444,-1,444,708,492,492,-1,540,528,480,480,-1,516,480,480,444,480,480,456,468,432,492,456,444,492,492,504,492,504,492,444,696,384,-1,288,300,288,300,348,372,468
2023-08-26 03:40:00,552,564,-1,552,720,492,516,-1,516,564,504,576,-1,588,564,600,612,612,612,624,612,612,588,564,564,564,564,576,576,552,564,540,708,444,-1,528,576,504,540,624,552,528
2023-08-26 03:45:00,516,528,-1,480,636,468,468,-1,456,480,504,576,-1,600,588,528,564,552,552,516,480,492,504,552,516,552,552,504,504,516,528,528,624,432,-1,444,516,480,492,648,636,708
2023-08-26 03:50:00,744,768,-1,660,984,624,648,-1,612,576,600,600,-1,516,552,588,600,660,660,576,576,600,612,576,564,504,504,492,480,504,492,444,504,384,-1,432,432,432,456,684,708,744
2023-08-26 03:55:00,732,708,-1,624,792,552,576,-1,588,564,612,636,-1,684,660,636,636,708,708,732,696,696,720,756,720,816,816,768,768,756,768,852,912,732,-1,576,576,600,576,744,708,684
2023-08-26 04:00:00,708,756,-1,672,936,696,768,-1,768,828,756,816,-1,876,888,840,864,828,828,816,792,804,756,756,756,744,744,756,768,804,828,756,744,588,-1,552,588,504,528,804,768,828
2023-08-26 04:05:00,504,516,-1,516,696,504,504,-1,468,504,516,552,-1,552,516,552,564,612,612,624,612,600,588,624,600,612,612,564,528,564,576,612,780,516,-1,672,696,684,720,1080,1068,1080
2023-08-26 04:10:00,516,540,-1,516,840,540,600,-1,588,564,552,612,-1,636,672,612,648,576,576,600,600,612,624,624,576,624,624,648,660,660,636,612,600,600,-1,480,468,432,456,576,588,672
2023-08-26 04:15:00,576,564,-1,576,744,564,588,-1,516,612,600,600,-1,600,576,588,624,624,624,684,660,648,720,612,660,648,648,636,648,660,660,576,744,384,-1,432,492,480,552,852,804,840
2023-08-26 04:20:00,492,504,-1,432,564,360,456,-1,468,504,504,528,-1,564,552,588,576,564,564,528,528,600,612,612,660,636,636,600,588,588,588,672,756,564,-1,480,552,528,492,720,696,708
2023-08-26 04:25:00,660,648,-1,588,744,528,576,-1,624,660,636,672,-1,696,720,684,720,696,696,624,600,576,552,552,540,540,540,528,552,564,516,516,588,456,-1,276,276,264,300,708,708,780
2023-08-26 04:30:00,732,696,-1,744,924,624,720,-1,588,588,576,636,-1,648,672,636,672,648,648,684,636,720,708,672,672,636,636,600,612,564,624,600,684,432,-1,468,516,468,516,768,732,816
2023-08-26 04:35:00,900,852,-1,828,1152,864,876,-1,876,948,876,948,-1,972,984,972,972,888,888,912,912,864,900,924,888,924,924,912,900,900,900,828,924,708,-1,672,636,600,576,912,840,900
2023-08-26 04:40:00,888,900,-1,840,1068,744,828,-1,876,840,840,960,-1,936,960,888,888,972,972,936,924,996,1020,984,1008,900,900,852,840,864,840,912,852,780,-1,684,720,732,732,972,972,996
2023-08-26 04:45:00,684,696,-1,720,852,648,732,-1,624,708,696,756,-1,816,756,744,756,780,780,828,852,852,864,816,816,924,924,900,960,936,972,1008,1164,948,-1,648,684,672,708,1080,960,996
2023-08-26 04:50:00,744,756,-1,708,852,660,684,-1,672,696,684,672,-1,756,828,816,768,756,756,708,660,696,672,732,756,756,756,720,720,720,672,684,756,588,-1,444,504,504,504,852,876,996
2023-08-26 04:55:00,840,780,-1,816,1056,768,804,-1,828,816,792,816,-1,816,828,828,876,900,900,900,900,900,936,852,876,828,828,816,816,816,840,792,1056,648,-1,552,588,588,624,888,876,972
2023-08-26 05:00:00,1104,1176,-1,1044,1224,924,960,-1,1020,996,996,1068,-1,1152,1104,1128,1104,1044,1044,1044,936,960,936,924,912,912,912,960,936,864,876,864,1140,756,-1,624,648,636,684,1140,1068,1092
2023-08-26 05:05:00,1068,1032,-1,1044,1356,960,1116,-1,1128,1164,1128,1236,-1,1152,1164,1116,1200,1200,1200,1188,1152,1224,1200,1200,1176,1176,1176,1176,1188,1248,1284,1152,1440,996,-1,744,732,708,720,1092,1056,1296
2023-08-26 05:10:00,996,996,-1,876,1212,792,912,-1,912,936,960,1020,-1,1044,1020,1020,1056,996,996,1032,1044,1044,1020,1008,1080,1056,1056,1020,1044,1056,1056,1032,1224,1008,-1,804,828,876,912,1320,1296,1332
2023-08-26 05:15:00,984,972,-1,1056,1308,924,972,-1,936,888,912,1200,-1,1152,1092,1152,1164,1248,1248,1248,1200,1224,1236,1188,1200,1164,1164,1152,1188,1140,1140,1188,1092,948,-1,816,912,924,876,1356,1344,1500
2023-08-26 05:20:00,1176,1128,-1,1032,1296,984,1008,-1,876,1020,1056,1068,-1,1056,1056,972,1032,972,972,984,948,924,936,900,924,972,972,960,1008,936,960,924,1032,924,-1,720,816,732,672,1152,1176,1224
2023-08-26 05:25:00,1176,1188,-1,1140,1464,1032,1152,-1,1044,1044,972,1176,-1,1248,1236,1224,1224,1200,1200,1284,1248,1332,1284,1344,1380,1380,1380,1332,1344,1332,1380,1392,1392,1152,-1,792,876,816,852,1080,1020,1068
2023-08-26 05:30:00,1476,1476,-1,1464,1752,1176,1428,-1,1452,1524,1428,1632,-1,1656,1608,1644,1620,1668,1668,1584,1536,1488,1488,1464,1356,1368,1368,1356,1332,1344,1368,1236,1188,1068,-1,852,816,828,732,1116,1212,1332
2023-08-26 05:35:00,1308,1272,-1,1200,1524,1104,1332,-1,1260,1212,1260,1440,-1,1488,1512,1452,1440,1500,1500,1500,1512,1464,1512,1524,1536,1524,1524,1500,1524,1536,1524,1524,1224,1344,-1,1260,1356,1320,1392,1776,1644,1836
2023-08-26 05:40:00,1356,1440,-1,1488,1872,1272,1416,-1,1380,1404,1308,1476,-1,1500,1500,1488,1464,1464,1464,1476,1416,1404,1392,1404,1428,1380,1380,1392,1368,1272,1344,1356,1308,1152,-1,1044,1008,1020,1092,1716,1680,1776
2023-08-26 05:45:00,1512,1464,-1,1308,1620,1212,1260,-1,1080,1260,1224,1380,-1,1344,1308,1392,1512,1572,1572,1572,1596,1596,1656,1572,1512,1452,1452,1476,1596,1548,1620,1560,1488,1104,-1,1188,1128,1152,1224,1452,1416,1560
2023-08-26 05:50:00,1428,1356,-1,1452,1656,1212,1344,-1,1356,1368,1344,1464,-1,1536,1536,1488,1488,1476,1476,1440,1404,1428,1440,1428,1428,1500,1500,1416,1380,1428,1428,1488,1668,1092,-1,1008,1056,984,936,1320,1284,1452
2023-08-26 05:55:00,1788,1800,-1,1620,2004,1404,1584,-1,1548,1716,1644,1908,-1,1956,1860,1776,1764,1740,1740,1800,1680,1704,1704,1704,1752,1716,1716,1704,1776,1740,1680,1596,1572,1200,-1,1272,1224,1128,1200,1596,1440,1572
2023-08-26 06:00:00,1668,1704,-1,1680,1968,1344,1380,-1,1368,1428,1392,1608,-1,1668,1584,1632,1668,1740,1740,1812,1764,1824,1836,1680,1776,1764,1764,1752,1656,1728,1824,1728,1932,1152,-1,1212,1284,1260,1368,1788,1764,1860
2023-08-26 06:05:00,1896,1896,-1,1716,2136,1560,1704,-1,1584,1596,1656,1788,-1,1764,1884,1812,1944,1872,1872,1872,1764,1884,1872,1920,1812,1704,1704,1680,1692,1668,1692,1644,1272,1080,-1,1428,1428,1416,1536,1992,2040,2112
2023-08-26 06:10:00,1764,1740,-1,1776,2160,1560,1644,-1,1548,1572,1692,1860,-1,1872,1812,1800,1776,1704,1704,1824,1800,1920,1860,1920,1956,1944,1944,2004,2040,1968,1980,2028,1368,1488,-1,1428,1452,1440,1428,1932,1932,2160
2023-08-26 06:15:00,2016,1968,-1,1992,2316,1656,1896,-1,1776,1980,1980,2220,-1,2304,2256,2220,2316,2328,2328,2244,2088,2088,2052,2040,1968,1992,1992,1932,2040,1944,2004,2040,2124,1548,-1,1464,1572,1476,1560,1764,1776,1944
2023-08-26 06:20:00,1788,1728,-1,1656,2052,1548,1596,-1,1584,1704,1548,1860,-1,1992,2004,1968,2004,2076,2076,2208,2040,2016,2112,2136,2196,2160,2160,2112,2040,2076,2148,2028,2076,1512,-1,1656,1716,1572,1656,2052,1968,2124
2023-08-26 06:25:00,2328,2316,-1,2232,2664,1992,2148,-1,1920,2040,1872,2028,-1,2028,1980,1944,2028,2040,2040,1968,1920,1980,1944,1824,1884,1944,1944,1896,1860,1812,1872,1668,1692,1452,-1,1308,1392,1344,1344,1572,1656,1944
2023-08-26 06:30:00,2304,2148,-1,2112,2532,1788,2004,-1,2064,2100,2136,2268,-1,2352,2388,2400,2436,2316,2316,2364,2292,2472,2460,2484,2520,2448,2448,1764,1812,1920,1920,1836,2424,1752,-1,1800,1812,1752,1740,2232,2172,2208
2023-08-26 06:35:00,2184,2256,-1,2100,2448,1656,2028,-1,1752,1968,1776,2208,-1,2340,2280,2268,2304,2412,2412,2508,2328,2376,2424,2280,2256,2280,2280,2268,2304,2292,2424,2352,2496,1836,-1,1800,1800,1656,1764,2244,2220,2460
2023-08-26 06:40:00,2268,2292,-1,2340,2976,1992,2196,-1,2040,2292,2280,2676,-1,2712,2652,2628,2676,2628,2628,2640,2568,2484,2616,2472,2592,2520,2520,2388,2400,2328,2352,2340,2388,1656,-1,1824,1860,1632,1776,2220,2268,2496
2023-08-26 06:45:00,2400,2280,-1,2100,2712,1860,2160,-1,2064,2280,1992,2280,-1,2400,2304,2268,2316,2460,2460,2484,2400,2412,2352,2280,2340,2532,2532,2664,2760,2616,2688,2568,2064,1860,-1,1932,1896,1932,1944,2280,2520,2712
2023-08-26 06:50:00,2544,2520,-1,2460,3036,2304,2400,-1,2268,2436,2268,2580,-1,2676,2604,2508,2412,2376,2376,2400,2304,2472,2496,2376,2532,2448,2448,2352,2400,2484,2520,2412,2340,1932,-1,1872,1884,1932,1884,2112,2220,2436
2023-08-26 06:55:00,1992,2064,-1,1992,2340,1740,2040,-1,1944,2064,2040,2316,-1,2328,2436,2448,2544,2616,2616,2664,2640,2676,2688,2652,2724,2676,2676,2724,2724,2688,2784,2724,2856,2136,-1,2196,2148,2244,2316,2676,2556,2700
2023-08-26 07:00:00,2244,2208,-1,1980,2556,1776,1956,-1,1908,1968,1896,2136,-1,2232,2184,2172,2232,2304,2304,2280,2148,2112,2100,1968,1980,2016,2016,1920,1980,2016,2088,1968,2184,1728,-1,1848,1812,1788,1728,2124,2112,2148
2023-08-26 07:05:00,2784,2592,-1,2568,2976,2208,2340,-1,2484,2652,2604,2808,-1,2760,2724,2772,2844,2676,2676,2676,2544,2724,2748,2664,2748,2676,2676,2700,2724,2580,2532,2340,2520,1956,-1,1800,1848,1704,1764,2280,2304,2484
2023-08-26 07:10:00,2676,2640,-1,2784,3420,2388,2832,-1,2664,2640,2760,2916,-1,3000,2880,2808,2784,2892,2892,3024,2844,2904,2700,2784,2772,2604,2604,2592,2592,2580,2640,2568,2844,2172,-1,2136,2208,2112,2160,2328,2484,2616
2023-08-26 07:15:00,2940,2772,-1,2640,3252,2232,2448,-1,2388,2460,2436,2748,-1,2808,2772,2916,2952,2904,2904,3024,2988,2928,2928,2772,2760,2784,2784,2796,3000,2952,3000,2988,3000,2292,-1,2340,2304,2280,2376,2688,2832,2928
2023-08-26 07:20:00,2544,2460,-1,2448,3000,2340,2448,-1,2316,2736,2652,2844,-1,2952,2880,2940,3036,2988,2988,3096,2988,3084,3000,3120,3252,3168,3168,3156,3192,3108,3120,2976,2952,2268,-1,2304,2244,2172,2172,2556,2580,2652
2023-08-26 07:25:00,3060,2808,-1,2940,3528,2880,2940,-1,2712,2640,2700,2724,-1,2880,2880,2904,2940,2904,2904,2832,2736,2652,2652,2676,2808,2868,2868,2856,2916,2928,2988,2784,3000,2328,-1,2316,2256,2376,2424,2736,2688,2760
2023-08-26 07:30:00,3660,3444,-1,3456,4128,3012,3516,-1,3468,3744,3720,4068,-1,4080,4140,4104,4224,4092,4092,4200,4236,4140,4236,4152,3900,3828,3828,3540,3624,3612,3600,3336,3420,2484,-1,2568,2592,2364,2424,2760,2760,2724
2023-08-26 07:35:00,3132,3084,-1,2880,3408,2640,2976,-1,2760,2928,2844,3132,-1,3288,3252,3324,3420,3492,3492,3516,3348,3456,3468,3612,3756,3912,3912,3984,4044,3888,3924,3816,4152,3228,-1,3108,3108,2988,3048,3288,3312,3612
2023-08-26 07:40:00,3396,3492,-1,3192,3576,2976,3180,-1,3084,3204,3036,3252,-1,3168,3024,2928,3024,2916,2916,2964,2868,2940,2868,2796,2880,2844,2844,3000,2976,3084,3216,3120,3120,2424,-1,2556,2520,2496,2496,2760,3012,3168
2023-08-26 07:45:00,3156,3216,-1,3264,3744,2748,3120,-1,3024,3180,3180,3492,-1,3660,3732,3792,3792,3840,3840,3852,3780,3840,3828,3708,3684,3696,3696,3648,3624,3600,3660,3552,3576,2796,-1,2736,2808,2724,2808,3180,3204,3180
2023-08-26 07:50:00,3084,3036,-1,3108,3648,3156,3228,-1,3108,3228,3264,3552,-1,3696,3540,3480,3456,3456,3456,3588,3444,3624,3624,3576,3552,3516,3516,3528,3660,3540,3540,3504,3684,2880,-1,2808,2772,2724,2784,2976,3204,3180
2023-08-26 07:55:00,3336,3192,-1,3192,3852,2976,3228,-1,3048,3348,3084,3528,-1,3492,3564,3732,3816,3768,3768,3864,3528,3516,3480,3444,3552,3444,3444,3372,3360,3396,3420,3348,3564,2736,-1,2664,2676,2616,2688,3192,3216,3420
2023-08-26 08:00:00,3204,3228,-1,3120,3672,3012,3096,-1,3096,3192,3216,3432,-1,3504,3420,3360,3432,3648,3648,3648,3600,3660,3516,3468,3420,3528,3528,3540,3624,3528,3576,3528,3636,2616,-1,2736,2772,2688,2604,3036,3276,3264
2023-08-26 08:05:00,3276,3276,-1,3216,3660,3048,3096,-1,3324,3384,3204,3492,-1,3528,3540,3432,3312,3204,3204,3312,3252,3288,3300,3432,3480,3480,3480,3648,3708,3684,3696,3408,3600,2616,-1,2640,2604,2736,2616,2916,2952,3120
2023-08-26 08:10:00,3624,3456,-1,3312,3792,3072,3336,-1,3096,3048,3132,3300,-1,3612,3504,3648,3744,3792,3792,3960,3672,3744,3564,3420,3504,3576,3576,3468,3504,3264,3312,3600,3660,2712,-1,2628,2640,2628,2724,3168,3096,3264
2023-08-26 08:15:00,3876,3780,-1,3588,4056,3168,3420,-1,3408,3636,3480,3816,-1,3972,3816,3876,3924,3864,3864,4044,3840,4032,4068,4068,4128,3924,3924,3792,3792,4056,4056,3684,3780,2880,-1,2784,2700,2568,2580,2940,3012,3192
2023-08-26 08:20:00,3732,3636,-1,3768,4044,3564,3888,-1,3864,4044,3840,4020,-1,3996,3984,3960,3876,3792,3792,3684,3624,3600,3720,3600,3612,3672,3672,3768,3996,3852,3756,3648,4020,3048,-1,3132,3216,3156,3240,3516,3600,3744
2023-08-26 08:25:00,4032,3876,-1,3912,4512,3420,3984,-1,3684,3972,3876,4092,-1,4092,3972,4056,4116,4104,4104,4236,4248,4152,4056,4116,4008,4044,4044,4020,3912,4056,4188,3972,4080,3060,-1,2784,2808,2700,2688,2820,3024,3084
2023-08-26 08:30:00,3984,3888,-1,3732,4248,3648,3756,-1,3720,3924,3852,4212,-1,4296,4272,4116,4188,4248,4248,4356,4080,4188,4176,4092,4248,4296,4296,4368,4452,4368,4356,4284,4272,3192,-1,3132,3180,3048,3072,3384,3432,3384
2023-08-26 08:35:00,3240,3240,-1,3108,3588,2904,3204,-1,3240,3396,3300,3672,-1,3780,3744,3864,3948,4152,4152,4224,4344,4368,4380,4560,4452,4572,4572,4488,4524,4440,4320,4128,3624,2952,-1,3132,3072,3144,3192,3636,3684,3840
2023-08-26 08:40:00,3924,3708,-1,3636,4308,3576,3804,-1,3744,3912,3924,3936,-1,3972,3924,3756,3768,3732,3732,3852,3660,3588,3468,3300,3264,3204,3204,3204,3192,3192,3252,3360,3432,2640,-1,2952,2976,3012,3000,3252,3372,3612
2023-08-26 08:45:00,4668,4656,-1,4632,4980,4320,4356,-1,4284,4296,4488,4536,-1,4632,4704,4656,4464,4332,4332,4164,3996,4092,4188,4020,4140,4392,4392,4296,4392,4380,4308,4020,4284,3216,-1,3120,3036,3036,2952,3240,3180,3264
2023-08-26 08:50:00,4332,4236,-1,4440,5052,4152,4692,-1,4608,4644,4584,4740,-1,4860,4812,4908,5088,5196,5196,5412,5208,5484,5388,5040,5244,5016,5016,4932,5016,4728,4392,4068,4152,3144,-1,3204,3096,3168,2964,3132,3660,3564
2023-08-26 08:55:00,4800,4656,-1,4416,4668,4056,4176,-1,4164,4152,4368,4656,-1,4668,4644,4788,4932,4764,4764,5004,4572,4632,4740,4728,4584,4656,4656,4596,4620,3876,3984,4320,4512,3660,-1,3492,3468,3456,3312,3216,3540,4068
2023-08-26 09:00:00,4248,4248,-1,3948,4296,3552,3912,-1,3720,4008,3852,3888,-1,4152,4116,4092,4176,4320,4320,4512,4596,4632,4536,4476,4692,4788,4788,4692,4536,3852,3696,4020,4176,2868,-1,3000,3036,3000,3072,3288,3576,3960
2023-08-26 09:05:00,3924,3792,-1,3924,4296,3792,3840,-1,3948,4236,4452,4728,-1,4560,4584,4596,4656,4524,4524,4476,4344,4524,4536,4440,4428,4368,4368,4284,4296,3468,3144,4260,4332,3432,-1,3372,3396,3312,2904,2892,3336,3648
2023-08-26 09:10:00,4248,4200,-1,4008,4536,3792,3972,-1,3900,3888,3840,3984,-1,3852,3732,3804,3876,3864,3864,3984,3792,3780,3780,3744,3840,3936,3936,4176,4392,3948,4068,4608,4692,3960,-1,3480,3444,3492,3000,3396,3780,3816
2023-08-26 09:15:00,4992,4752,-1,4776,5388,4692,4788,-1,4692,4992,4884,5088,-1,5148,5064,4932,5004,4848,4848,5004,4968,5160,5076,4956,4872,4800,4800,4344,4056,3288,3876,4104,4380,3600,-1,3504,3552,3456,3240,3300,3732,4116
2023-08-26 09:20:00,4524,4476,-1,4524,4812,4152,4284,-1,4104,4212,4284,4380,-1,4476,4764,4584,4656,4716,4716,4872,4620,4848,4848,4956,4860,4920,4920,4236,4524,4008,3792,3828,4260,3192,-1,3228,3156,3180,3060,3708,3804,4152
2023-08-26 09:25:00,4872,4728,-1,4368,4704,4428,4692,-1,4416,4536,4632,4728,-1,5016,4932,4980,5268,5256,5256,5208,5028,5004,4812,4572,4584,4572,4572,3636,4068,3528,3528,4128,4308,3276,-1,3192,3156,3192,3336,3528,3720,4056
2023-08-26 09:30:00,4380,4416,-1,4404,4932,4164,4488,-1,4428,4644,4596,4764,-1,4764,4740,4764,4656,4596,4596,4764,4800,4944,4980,4968,4632,4536,4536,3780,4032,3516,3612,4272,4296,3336,-1,3096,3108,3192,3192,3480,3384,3780
2023-08-26 09:35:00,4536,4452,-1,4464,4908,4284,4536,-1,4440,4716,4416,4752,-1,4716,4692,4716,4860,4788,4788,4884,4668,4788,4596,4176,3348,3732,3732,3276,3612,3024,3276,4056,4368,3492,-1,3156,3108,3144,3096,3600,3708,3780
2023-08-26 09:40:00,4428,4380,-1,4320,4620,4248,4392,-1,4452,4512,4344,4560,-1,4836,4740,4584,4836,4764,4764,4752,4776,4716,4212,4020,4140,4104,4104,3960,4416,3648,3396,4044,4476,3408,-1,3300,3408,3300,3348,3864,3732,3840
2023-08-26 09:45:00,4560,4500,-1,4140,4380,3516,3876,-1,3744,3780,3588,3936,-1,4092,4140,4056,4224,4164,4164,4188,4080,4092,4272,4128,4104,4020,4020,3600,3960,3672,3408,4272,4560,3552,-1,3516,3456,3384,3456,3984,3960,4164
2023-08-26 09:50:00,4824,4368,-1,4296,4812,4392,4536,-1,4452,4620,4440,4788,-1,4752,4536,4728,4704,4752,4752,4836,4656,4776,4476,3732,2484,4152,4152,3792,4140,3888,4092,4284,4740,3504,-1,3408,3324,3408,3360,3696,3840,3804
2023-08-26 09:55:00,4476,4560,-1,4428,4848,4068,4296,-1,4164,4344,4272,4572,-1,4812,4824,4764,4740,4704,4704,4932,4812,4872,4488,4176,4140,4164,4164,3828,4272,3288,3420,4176,4572,3444,-1,3204,3096,3048,3252,3732,3756,4020
2023-08-26 10:00:00,4548,4536,-1,4332,4908,4164,4512,-1,4428,4368,4236,4428,-1,4440,4512,4272,4440,4548,4548,4632,4368,3984,3792,4008,3108,3924,3924,3924,4356,3504,3672,4248,4392,3480,-1,3156,3360,3336,3324,3756,3804,4020
2023-08-26 10:05:00,4200,4176,-1,4164,4536,3948,4212,-1,4296,4536,4536,4752,-1,4740,4716,4752,4956,4860,4860,4932,4812,4704,3996,4176,4128,3792,3792,4116,4248,3660,3840,4272,4692,3528,-1,3312,3336,3396,3264,3888,4068,4200
2023-08-26 10:10:00,3696,3612,-1,3468,3984,3276,3444,-1,3504,3552,3648,3732,-1,3636,3612,3624,3648,3660,3660,3540,3708,3888,3900,3684,3396,3552,3552,3540,3744,3420,3552,4080,4488,3408,-1,3204,3180,3168,3120,3624,3684,4080
2023-08-26 10:15:00,4392,4152,-1,4188,4644,3972,4128,-1,3780,3972,3900,4320,-1,4176,4356,4272,4212,4272,4272,4488,4008,3636,3228,2592,2076,2988,2988,3828,4044,3600,3708,4200,4560,3480,-1,3300,3216,3228,3168,3780,3840,4092
2023-08-26 10:20:00,4872,4776,-1,4500,4860,4080,4320,-1,4404,4452,4248,4380,-1,4404,4356,4392,4416,4308,4308,4128,3528,3744,3300,3156,3540,4152,4152,4476,4332,4164,3936,4284,4476,3624,-1,3456,3384,3420,3444,3888,3744,3912
2023-08-26 10:25:00,4668,4764,-1,4632,5052,4356,4524,-1,4464,4620,4800,4908,-1,5016,5088,5040,5328,5304,5304,4848,5484,5424,5340,5292,5052,4836,4836,4224,4356,3480,3768,3768,4272,3360,-1,3168,3156,3048,3168,3840,4008,4044
2023-08-26 10:30:00,4140,3912,-1,3828,4236,3696,4068,-1,3876,3924,3912,4140,-1,4152,4188,4236,3996,4044,4044,4068,4104,4380,3732,3876,2964,3900,3900,3564,3744,3456,3432,4164,4284,3384,-1,3180,3192,3240,3144,3624,3480,3720
2023-08-26 10:35:00,4548,4548,-1,4524,4896,4224,4212,-1,4140,4044,4152,4260,-1,4344,4344,4320,4440,4500,4500,4500,4452,3996,3384,3948,4320,3936,3936,3996,3708,3204,3576,4308,4548,3120,-1,3312,3336,3360,3420,3864,4020,4404
2023-08-26 10:40:00,4728,4548,-1,4428,4800,4320,4644,-1,4656,4812,4656,4680,-1,4872,3984,4548,4680,4656,4656,4764,4620,4560,4224,3480,3756,4188,4188,3912,4140,3384,3444,4080,4296,3564,-1,3420,3408,3288,3288,4044,4056,4260
2023-08-26 10:45:00,4656,4488,-1,4128,4536,4020,4068,-1,3948,4248,4392,4584,-1,4560,4764,4644,4776,4704,4704,4716,4224,3912,3468,3984,3984,3876,3876,3636,3864,3108,3528,4236,3480,3360,-1,3360,3324,3300,3372,3636,3684,3888
2023-08-26 10:50:00,4524,4596,-1,4368,4692,4128,4392,-1,4428,4536,4440,4560,-1,4908,4920,5016,5004,4704,4704,4404,4128,4164,4248,4116,3612,4152,4152,4044,4140,3936,3756,4188,4488,3492,-1,3252,3180,3228,3132,3768,3984,4320
2023-08-26 10:55:00,4476,4368,-1,4248,4536,4044,4200,-1,4128,4128,4092,4236,-1,4320,4260,4248,4200,4260,4260,4404,4080,4128,4068,3624,3912,4032,4032,3828,4008,3540,3780,4212,4632,3732,-1,3492,3432,3372,3456,3912,3768,4128
2023-08-26 11:00:00,3648,3672,-1,3756,4056,3180,3636,-1,3636,3888,3876,4008,-1,4044,4224,4188,4188,4308,4308,4536,4320,4392,4188,4500,4572,4212,4212,3912,3960,3264,3576,4416,4500,3408,-1,3432,3348,3300,3240,4152,3948,4260
2023-08-26 11:05:00,3324,3240,-1,3108,3396,2736,3192,-1,2964,3132,3156,3516,-1,3636,3528,3576,3684,3972,3972,3948,4068,4188,3984,3252,3240,3840,3840,3816,4164,3792,4032,4260,4440,3420,-1,3324,3264,3264,3240,3636,3888,3948
2023-08-26 11:10:00,3840,3744,-1,3600,3780,3036,3192,-1,3096,3216,3096,3192,-1,3252,3372,3360,3276,3168,3168,3216,3144,3252,3264,3828,3804,4032,4032,4068,4212,3684,3564,3888,4380,3420,-1,3192,3276,3252,3264,3660,3852,4056
2023-08-26 11:15:00,3936,3768,-1,3612,3996,3396,3552,-1,3240,3504,3408,3792,-1,3840,3684,3684,3792,3708,3708,3132,3624,3600,3552,3528,3564,3660,3660,3480,4188,3540,3564,4200,4440,3408,-1,3168,3168,3144,3132,3408,3552,3828
2023-08-26 11:20:00,3768,3660,-1,3612,3888,3324,3564,-1,3744,3708,3684,3828,-1,3864,3792,3684,3672,3792,3792,3804,3840,3888,3936,4008,3984,3972,3972,3768,3984,3528,3408,3816,4296,3132,-1,2964,3048,3012,3024,3732,3780,3912
2023-08-26 11:25:00,4116,4056,-1,3828,4272,3240,3396,-1,3192,3348,3444,3600,-1,3708,3684,3708,3756,3744,3744,3840,3648,3876,3768,3828,3912,3924,3924,4008,4116,3576,3768,4032,4572,3648,-1,3432,3372,3432,3384,3600,3756,3888
2023-08-26 11:30:00,4248,4200,-1,4080,4332,3648,3888,-1,3864,3888,3744,3828,-1,3876,3804,3804,3900,4068,4068,4104,4008,4116,4032,3828,3780,3792,3792,3864,3888,3600,3432,3792,4416,3336,-1,3156,3216,3096,3096,3684,3756,3828
2023-08-26 11:35:00,4392,4140,-1,4020,4392,3552,3720,-1,3684,3888,4092,4200,-1,4368,4344,4224,4320,4296,4296,4380,4248,4428,4224,4380,4308,4320,4320,4224,4392,4224,3924,3972,4596,3444,-1,3024,3048,2928,3060,3360,3576,3768
2023-08-26 11:40:00,3600,3660,-1,3780,4068,3540,3744,-1,3780,3888,3888,4056,-1,4068,4080,4056,4176,4056,4056,4272,4104,4320,4272,4176,4284,4296,4296,4320,4356,4272,4212,4260,4464,3648,-1,3336,3336,3468,3348,3912,3876,4104
2023-08-26 11:45:00,4644,4464,-1,4344,4608,3744,4140,-1,3840,4020,3852,3900,-1,3972,3996,3864,3984,3876,3876,3948,3696,3876,3708,3624,3636,3660,3660,3624,3828,3888,3936,3912,4188,3336,-1,3168,3048,3228,3132,3588,3732,3960
2023-08-26 11:50:00,3996,4008,-1,3912,4260,3528,3804,-1,3612,3828,4080,4296,-1,4344,4428,4572,4536,4572,4572,4656,4524,4644,4560,4368,4548,4584,4584,4536,4728,4584,4476,4032,4272,3432,-1,3180,3108,3192,3132,3468,3600,3756
2023-08-26 11:55:00,4572,4320,-1,3984,4464,4020,4236,-1,4116,4332,4116,4392,-1,4428,4284,4380,3708,4404,4404,4500,4500,4416,4332,4236,4140,4248,4248,4152,4164,4140,4272,4308,4500,3456,-1,3144,3252,3180,3192,3684,3792,3960
2023-08-26 12:00:00,4164,4140,-1,4128,4416,3816,4044,-1,4044,4116,4152,4212,-1,4176,4224,4188,4164,4188,4188,4344,4284,4344,4356,4404,4296,4428,4428,4380,4512,4392,4344,4176,4644,3540,-1,3192,3252,3144,3120,3648,3756,3888
2023-08-26 12:05:00,4560,4500,-1,4284,4536,3936,4164,-1,3900,3996,3876,4068,-1,4260,4248,4248,4248,4200,4200,4116,3984,4104,3984,3996,4008,4092,4092,4068,4164,4092,4308,4020,4416,3396,-1,3192,3120,3096,3180,3684,3804,3960
2023-08-26 12:10:00,4656,4524,-1,4236,4692,3780,4104,-1,3948,4248,4200,4428,-1,4512,4380,4380,4500,4656,4656,4812,4740,4920,4752,4860,4860,4776,4776,4548,4548,4260,4260,3936,4212,3240,-1,3012,2964,3084,2952,3504,3456,3696
2023-08-26 12:15:00,3840,3732,-1,3840,4128,3552,3672,-1,3672,3648,3792,4032,-1,4092,4272,4236,4404,4296,4296,4428,4140,3996,3936,3936,3984,4044,4044,4212,4416,4452,4188,3888,4500,3480,-1,3336,3372,3288,3288,3540,3636,3660
2023-08-26 12:20:00,3624,3348,-1,3252,3672,2952,3372,-1,3444,3612,3504,3588,-1,3720,3492,3564,3588,3564,3564,3768,3720,3972,3924,3888,3876,3912,3912,3972,4068,4104,4212,4104,4440,3444,-1,3324,3180,3300,3180,3552,3588,3744
2023-08-26 12:25:00,4224,3984,-1,3972,4236,3408,3720,-1,3576,3672,3540,3924,-1,3708,3732,3732,3780,3696,3696,3744,3684,3588,3624,3564,3672,3840,3840,3624,3756,3696,3864,3684,4104,3216,-1,2880,2760,2844,3000,3516,3576,3816
2023-08-26 12:30:00,3588,3504,-1,3336,3528,2832,3216,-1,3120,3456,3360,3720,-1,3960,3948,4020,4176,4212,4212,4440,4248,4344,4296,4044,3984,4104,4104,3984,4104,4104,4116,3684,3900,3048,-1,2772,2808,2700,2688,3108,3192,3492
2023-08-26 12:35:00,4176,4152,-1,4284,4512,3792,3960,-1,3780,3948,3828,4032,-1,3912,3936,3708,3816,3708,3708,3756,3876,3816,3792,3948,4032,3864,3864,3744,3708,3660,3624,3636,4044,3084,-1,3108,3048,3036,2928,3264,3504,3372
2023-08-26 12:40:00,3936,3984,-1,3792,4296,3264,3576,-1,3396,3612,3456,3948,-1,4128,4092,4176,3336,4296,4296,4020,3996,4068,3996,4152,4104,4212,4212,4188,4284,4332,4536,3864,4140,3288,-1,3012,2940,2832,2856,3000,3228,3684
2023-08-26 12:45:00,4116,3888,-1,3780,4260,3660,4008,-1,3864,3900,3912,4104,-1,4140,4104,4116,4008,4080,4080,4056,3900,3876,3996,3756,3876,3984,3984,3924,3948,3948,3972,3864,4308,3396,-1,3240,3132,3108,3144,3696,3816,3828
2023-08-26 12:50:00,4056,4032,-1,3720,4092,3228,3528,-1,3720,3816,3792,4152,-1,4152,3948,3912,3960,4104,4104,4296,4344,4344,4380,4116,4080,4092,4092,4092,4164,4176,4296,4140,4668,3432,-1,3240,3156,3048,3060,3108,3588,3720
2023-08-26 12:55:00,3960,3936,-1,3912,4332,3672,3816,-1,3768,3972,3936,4032,-1,4248,4140,3864,4032,3960,3960,4008,3960,3984,3864,4104,4260,4176,4176,4092,4140,4008,4032,3888,4092,3180,-1,3024,3084,3072,2880,3216,3636,3804
2023-08-26 13:00:00,4200,4032,-1,3660,4032,3324,3660,-1,3456,3684,3588,3912,-1,3828,3600,3888,3756,3732,3732,3636,3780,3936,3900,3828,3888,3948,3948,3948,4068,4008,3960,3972,4332,3360,-1,3180,3108,3132,3264,2712,3192,3744
2023-08-26 13:05:00,4272,4368,-1,4212,4620,4080,4104,-1,3816,3828,3828,3852,-1,3936,3984,4056,4224,4128,4128,4452,4224,4212,4200,4200,4164,4152,4152,4224,4356,4356,4356,4020,4416,3120,-1,3024,2904,2784,2856,3648,3636,3924
2023-08-26 13:10:00,4320,4428,-1,4272,4584,3888,4164,-1,4224,4320,4368,4608,-1,4824,4716,4548,4788,4656,4656,4956,4572,4716,4536,4596,4548,4644,4644,4344,4476,4356,4284,4212,4644,3456,-1,3012,3144,3192,3132,3684,3804,4176
2023-08-26 13:15:00,4356,4248,-1,4116,4368,3600,3972,-1,4128,4236,4344,4704,-1,4656,4008,3948,4128,4164,4164,4092,4428,4608,4572,4428,4464,4476,4476,4380,4644,4332,4464,4536,4572,3552,-1,3348,3264,3408,3432,3780,3972,4104
2023-08-26 13:20:00,4344,4296,-1,4116,4560,3564,3996,-1,3732,3948,3864,3996,-1,4092,4044,3948,4188,4104,4104,4224,4164,4320,4188,4080,4020,4020,4020,4140,4056,4272,4332,4260,4356,3408,-1,3288,3384,3336,3372,3864,4008,4236
2023-08-26 13:25:00,4032,3936,-1,3648,4044,3252,3492,-1,3420,3540,3696,3984,-1,4068,3600,3636,3684,3744,3744,3756,4116,4236,4344,4176,4260,4080,4080,4356,4572,4440,4620,4608,4788,3960,-1,3888,3804,3804,3720,4056,4152,4308
2023-08-26 13:30:00,4440,4464,-1,4248,4896,3792,4332,-1,4116,4212,4128,4320,-1,4368,3252,3156,3252,3240,3240,3024,4008,4116,3936,4068,4188,4320,4320,4248,4200,4284,4236,3984,4164,3216,-1,2784,2784,2904,2940,3780,3840,4092
2023-08-26 13:35:00,4860,4668,-1,4644,4728,4164,4272,-1,4260,4488,4272,4632,-1,4752,4296,4404,4068,4848,4848,4932,5076,5268,5076,4896,4860,4740,4740,4536,4644,4572,4572,4452,4788,3576,-1,3300,3420,3384,3372,3672,3804,3780
2023-08-26 13:40:00,4536,4560,-1,4380,4788,4020,4524,-1,4344,4608,4404,4680,-1,4560,3840,3672,3348,2808,2808,4056,4620,4656,4740,4788,4824,4932,4932,4872,4944,4980,4920,4620,4704,3696,-1,3564,3564,3528,3384,3840,4044,4164
2023-08-26 13:45:00,4104,4116,-1,3960,4164,3672,3720,-1,3756,3972,4128,4296,-1,4416,3552,3336,3636,3312,3312,3696,4392,4572,4464,4560,4428,4320,4320,4536,4644,4632,4692,4620,4908,3768,-1,3444,3588,3540,3672,4176,4248,4536
2023-08-26 13:50:00,4092,4044,-1,3912,4404,3516,3840,-1,3780,3768,3696,3816,-1,3756,3072,3132,3300,3312,3312,3384,3924,3984,3876,3732,3804,3792,3792,3972,4056,4080,4248,4308,4236,3324,-1,3060,2988,2892,2952,3636,3768,3996
2023-08-26 13:55:00,4404,4416,-1,4344,4728,3816,4104,-1,4044,4140,4176,4452,-1,4524,4224,4464,3492,4416,4416,4140,4656,4560,4368,4464,4320,4392,4392,4308,4320,4284,4176,3864,3972,3084,-1,2964,2796,2916,2844,3300,3204,3336
2023-08-26 14:00:00,4104,3948,-1,3660,3900,3012,3372,-1,3324,3480,3492,3732,-1,3780,3012,2892,3000,2880,2880,3132,3612,3744,3804,3840,3888,3936,3936,4212,4320,4356,4464,4548,4968,3936,-1,3948,3876,3660,3624,4080,4380,4380
2023-08-26 14:05:00,3624,3732,-1,3780,4236,3648,3996,-1,3672,4164,4188,4272,-1,4392,2988,4068,4164,4248,4248,4284,4284,4368,4260,4296,4392,4248,4248,4140,4236,4104,4092,3792,4068,3120,-1,2904,3024,3084,3036,3420,3528,3576
2023-08-26 14:10:00,3360,3276,-1,3000,3252,2568,2952,-1,2796,2796,2856,3120,-1,3240,3288,3372,3504,3624,3624,3600,3540,3588,3528,3540,3564,3348,3348,3564,3720,3660,3804,3924,4032,3144,-1,3192,3156,3048,3108,3120,3744,3720
2023-08-26 14:15:00,3072,3084,-1,3072,3396,2832,2964,-1,2964,2976,2904,3072,-1,3168,3084,3120,3108,3120,3120,3408,3324,3468,3384,3516,3504,3468,3468,3384,3360,3228,3336,3252,3420,2568,-1,2400,2388,2328,2400,2808,2868,3372
2023-08-26 14:20:00,3804,3732,-1,3480,3828,3096,3360,-1,3288,3444,3396,3444,-1,3468,3600,3480,3396,3360,3360,3336,3120,2928,2952,2760,2844,2904,2904,3036,3072,3108,3144,3012,3204,2340,-1,2376,2400,2292,2412,2952,3144,3372
2023-08-26 14:25:00,5376,4908,-1,4512,4752,4248,4152,-1,4152,4116,4248,4488,-1,4644,4464,4536,4620,4500,4500,4440,4332,4440,4284,4260,4296,4308,4308,4104,4068,4020,4008,3768,4032,3132,-1,2844,2700,2724,2724,3168,3276,3180
2023-08-26 14:30:00,5472,5664,-1,5556,5712,5400,5400,-1,5052,5256,5280,5208,-1,5196,5244,5064,4908,5076,5076,5136,4944,5148,5040,5028,4884,4896,4896,4824,4824,4824,4896,4860,4896,3864,-1,3696,3672,3648,3624,3984,3960,4092
2023-08-26 14:35:00,4992,4968,-1,5016,5628,5256,5724,-1,5808,5928,5904,6084,-1,6156,6120,6060,6048,6036,6036,6024,5808,5700,5712,5628,5628,5664,5664,5616,5652,5424,5520,5220,5340,4332,-1,3996,3936,3996,3876,4392,4500,4608
2023-08-26 14:40:00,3732,3756,-1,3468,3972,3372,3576,-1,3324,3432,3480,3720,-1,3684,3492,3840,3936,4236,4236,4428,4560,4740,4680,4980,5160,5052,5052,5376,5580,5580,5832,5856,6072,4692,-1,4512,4368,4272,4452,4884,4992,5160
2023-08-26 14:45:00,4296,4164,-1,3912,4236,3780,3912,-1,3984,4236,4140,4164,-1,4296,4212,4176,4152,4236,4236,4272,4056,4248,4356,4164,4092,4080,4080,3804,3948,3684,3720,3660,3780,2856,-1,2856,2820,2940,2868,3432,3600,3756
2023-08-26 14:50:00,4800,4560,-1,4224,4548,3804,3912,-1,3648,3828,3900,4188,-1,4056,3900,3876,3036,4128,4128,4284,4224,4212,4212,4080,4320,4416,4416,4452,4464,4548,4416,4200,4344,3312,-1,3048,3204,3096,3024,3492,3900,4032
2023-08-26 14:55:00,4176,4200,-1,4128,4512,3936,4152,-1,4116,4236,4224,4356,-1,4536,4620,4668,4680,4764,4764,4740,4476,4548,4404,4080,4164,4020,4020,4008,4116,4164,4188,4188,4404,3432,-1,3384,3384,3372,3468,3516,3696,3912
2023-08-26 15:00:00,4344,4452,-1,4464,4716,3840,4044,-1,4092,4176,4104,4464,-1,4488,4548,4536,4632,4608,4608,4680,4404,4668,4752,4764,4860,4860,4860,4764,4860,4536,4824,4452,4716,3444,-1,3192,3096,3168,3168,3768,4116,4272
2023-08-26 15:05:00,4560,4428,-1,4320,4740,4080,4320,-1,4332,4344,4308,4392,-1,4416,4284,4224,4128,4176,4176,4200,4104,3972,3888,3948,4056,4116,4116,4260,4332,4392,4416,4416,4644,3564,-1,3540,3576,3492,3576,4104,4272,4356
2023-08-26 15:10:00,4872,4596,-1,4548,4800,4296,4488,-1,4488,4488,4236,4584,-1,4620,4776,4824,4932,5004,5004,5184,4944,5076,5028,4908,4968,5076,5076,4992,5016,5004,4932,4620,4536,3432,-1,3648,3492,3480,3444,3864,3852,3780
2023-08-26 15:15:00,4260,4284,-1,4260,4536,3888,4248,-1,4140,4584,4464,4620,-1,4776,4644,4608,4488,4680,4680,4788,4620,4644,4608,4704,4764,4764,4764,4764,4716,4620,4716,4512,4356,3312,-1,3816,3912,3648,3564,3804,3888,4188
2023-08-26 15:20:00,4500,4236,-1,4224,4548,3792,4020,-1,3684,3732,3720,4116,-1,4248,4236,4344,4260,4248,4248,4344,4152,4248,4164,4116,4140,4152,4152,4104,4032,4140,4164,4188,3792,2988,-1,3504,3552,3588,2928,3396,3732,4296
2023-08-26 15:25:00,4440,4548,-1,4284,4620,3960,4368,-1,4368,4428,4320,4548,-1,4464,4308,4200,4416,4500,4500,4620,4620,4740,4668,4836,4752,4704,4704,4656,4692,4464,4512,4332,3996,3072,-1,3204,3216,3180,3192,3480,3792,4116
2023-08-26 15:30:00,4260,4068,-1,3996,4212,3600,3780,-1,3864,4212,4296,4404,-1,4464,4572,4752,4704,4596,4596,4524,4476,4332,4356,4236,4500,4392,4392,4248,4296,4428,4440,4524,3888,3048,-1,3648,3708,3540,3396,3180,3696,4284
2023-08-26 15:35:00,4488,4440,-1,4332,4704,3924,4116,-1,4044,4044,4032,4104,-1,4128,3924,3936,3912,3816,3816,3996,3960,4044,4068,4068,4176,4284,4284,4368,4344,4356,4392,4416,4176,3204,-1,3408,3276,3240,3084,3228,3528,4116
2023-08-26 15:40:00,4560,4308,-1,4272,4548,4104,4152,-1,4152,4224,4236,4392,-1,4620,4524,4680,4656,4644,4644,4908,4536,4632,4560,4308,4224,4128,4128,4200,4176,4044,4152,3912,3708,3024,-1,3168,3192,3144,2976,2988,3576,4104
2023-08-26 15:45:00,5088,4788,-1,4524,4884,4020,4308,-1,4104,4068,4140,4344,-1,4404,4308,4236,4320,4164,4164,4476,4380,4428,4440,4452,4608,4440,4440,4596,4632,4536,4752,4500,4320,3504,-1,3552,3480,3492,3372,3588,3972,4320
2023-08-26 15:50:00,4944,4860,-1,4860,5184,4440,4668,-1,4488,4752,4716,4872,-1,4980,4884,4956,5268,5328,5328,5532,5244,5376,5316,5220,5196,5256,5256,5040,5004,4836,4884,4560,4284,3204,-1,3672,3660,3432,3372,3108,3852,4116
2023-08-26 15:55:00,3888,3768,-1,3660,4116,3672,3912,-1,3900,3924,4032,4296,-1,4272,4356,4500,4380,4524,4524,4632,4452,4656,4536,4524,4608,4800,4800,4944,4800,4968,5136,4812,3144,3096,-1,3900,3900,3576,1944,3120,3960,4524
2023-08-26 16:00:00,4656,4548,-1,4140,4488,3780,4224,-1,4140,4176,4200,4416,-1,4644,4680,4464,4452,4440,4440,4404,4296,4344,4272,4188,4164,4044,4044,3828,3984,3972,4008,3960,3612,3120,-1,3060,3180,2772,2544,3324,3840,4212
2023-08-26 16:05:00,4464,4500,-1,4488,4764,4188,4440,-1,4392,4368,4356,4524,-1,4476,4524,4512,4668,4536,4536,4548,4164,4344,4284,4176,4260,4560,4560,4548,4548,4632,4776,4608,3600,3420,-1,3756,3804,3912,3264,3708,3876,4140
2023-08-26 16:10:00,4380,4320,-1,4344,4740,3900,4200,-1,3948,4260,4296,4404,-1,4452,4572,4596,4548,4536,4536,4740,4620,4740,4728,4704,4800,4680,4680,4788,4632,4464,4620,4464,3744,2892,-1,3468,3540,3516,2928,3384,4104,4344
2023-08-26 16:15:00,3636,3516,-1,3396,3864,3252,3456,-1,3540,3636,3768,3852,-1,3876,3708,3888,4152,4152,4152,4272,4080,4032,4020,3948,3948,4020,4020,4056,4092,4176,4368,4392,3816,3264,-1,3516,3468,3324,3540,4044,4380,4584
2023-08-26 16:20:00,4200,3804,-1,3660,3960,3060,3408,-1,3492,3660,3600,3996,-1,4092,4044,3948,3912,4044,4044,4164,3996,4212,4212,4116,4128,4092,4092,4080,4008,4164,4164,3972,3696,2760,-1,3288,3156,3276,3264,3732,3816,4068
2023-08-26 16:25:00,4356,4404,-1,4152,4728,3924,4068,-1,3828,3804,3888,3804,-1,3696,3756,3660,3864,3840,3840,3996,3948,3984,3996,4116,4104,4044,4044,3984,3900,3756,3924,3780,3876,2832,-1,3000,3036,3048,2976,3528,3912,4092
2023-08-26 16:30:00,4476,4356,-1,4356,4716,3996,4320,-1,4128,4452,4308,4428,-1,4668,4656,4632,4680,4632,4632,4632,4488,4500,4464,4464,4620,4752,4752,4704,4788,4632,4548,4452,4212,3228,-1,3360,3360,3276,3180,3588,3672,3804
2023-08-26 16:35:00,4260,4224,-1,3960,4476,3756,4032,-1,3912,4236,4236,4308,-1,4296,4404,4404,4476,4464,4464,4404,4176,4200,4104,4008,4104,4032,4032,4140,4188,4296,4512,4296,3576,3348,-1,3528,3528,3456,3480,4104,4164,4368
2023-08-26 16:40:00,4440,4200,-1,4200,4608,4092,4200,-1,4212,4308,4044,4428,-1,4404,4356,4368,4320,4332,4332,4524,4488,4596,4560,4512,4572,4680,4680,4464,4464,4356,4500,4512,4176,3144,-1,3288,3288,3264,3168,3936,3984,4344
2023-08-26 16:45:00,4848,4920,-1,4680,5136,4380,4584,-1,4764,4932,4848,4944,-1,5028,4908,4944,5016,4920,4920,4872,4464,4644,4572,4692,4740,4536,4536,4428,4584,4584,4560,4344,4056,3312,-1,3528,3480,3576,3732,4236,4188,4320
2023-08-26 16:50:00,4692,4632,-1,4344,4548,3948,4176,-1,3912,4068,4152,4476,-1,4764,4824,4728,4932,5016,5016,5160,4980,5064,5040,4836,5040,4920,4920,4980,5064,4956,4992,4860,5016,3984,-1,3984,4044,3912,3852,4152,4032,3828
2023-08-26 16:55:00,4944,4980,-1,4536,4896,4272,4368,-1,4344,4308,4176,4356,-1,4452,4500,4512,4644,4476,4476,4632,4500,4416,4464,4536,4572,4572,4572,4560,4728,4728,4788,4368,3276,3372,-1,3564,3588,3312,2028,1980,2760,3552
2023-08-26 17:00:00,3708,3576,-1,3456,4092,3552,3828,-1,3828,3960,4008,4236,-1,4260,4332,4332,4356,4296,4296,4404,4248,4320,4440,4356,4356,4464,4464,4512,4692,4608,4740,4836,4476,3768,-1,3576,2580,1692,1332,2244,2448,2832
2023-08-26 17:05:00,4176,4032,-1,3768,4248,3372,3720,-1,3456,3648,3624,3912,-1,3912,3876,3912,3864,3924,3924,4128,3984,3996,3984,3912,3996,4056,4056,3852,3840,3936,3960,3720,3624,2856,-1,2640,1512,1560,1440,588,408,864
2023-08-26 17:10:00,3864,3852,-1,3912,4200,3792,4140,-1,3972,3960,4068,4272,-1,4272,4176,4224,4272,4404,4404,4392,4476,4572,4632,4296,4296,4368,4368,4140,4272,4080,4104,3972,3684,2436,-1,720,312,1044,276,276,1620,2280
2023-08-26 17:15:00,3636,3588,-1,3516,3948,3288,3588,-1,3276,3516,3636,3852,-1,4128,4116,3960,3876,4008,4008,4080,3924,3912,3852,3948,4008,3960,3960,4032,4128,4140,3912,2628,1128,516,-1,756,660,1056,1176,1032,1656,2532
2023-08-26 17:20:00,3636,3600,-1,3204,3720,3180,3240,-1,3180,3228,3036,3228,-1,3048,3072,3048,3156,3204,3204,3216,3216,3372,3396,3420,3600,3660,3660,3528,3504,2088,2220,912,300,648,-1,1716,1140,912,852,1368,1752,2628
2023-08-26 17:25:00,4260,4092,-1,3996,4380,3648,3804,-1,3660,3708,3720,3996,-1,4140,3996,3984,3864,3960,3960,4092,3708,3888,3828,3732,3684,3696,3696,3024,2988,2220,2520,1824,360,708,-1,864,480,948,600,936,1644,2352
2023-08-26 17:30:00,3696,3768,-1,3732,3984,3384,3516,-1,3276,3516,3468,3708,-1,3756,3960,4068,4176,4128,4128,4212,4032,4068,4104,4008,4032,3468,3468,2064,2556,1956,1752,936,324,648,-1,672,120,828,900,1128,1452,2580
2023-08-26 17:35:00,3048,2904,-1,2736,3228,2844,3120,-1,3216,3456,3552,3768,-1,3816,3864,3768,3828,3792,3792,3840,3852,3828,3780,2988,1968,1488,1488,1320,1680,876,1272,840,252,744,-1,1392,1332,996,864,2520,3264,4356
2023-08-26 17:40:00,3852,3804,-1,3600,3912,3312,3372,-1,3408,3456,3384,3504,-1,3420,3540,3444,3468,3516,3516,3504,3048,1968,1824,1188,1476,1404,1404,2124,2964,2916,3144,2724,504,852,-1,1692,1716,2040,2400,2928,3780,4404
2023-08-26 17:45:00,4068,3924,-1,3552,3696,3216,3564,-1,3528,3660,3720,3876,-1,3924,3768,3816,3852,2820,2820,3372,2604,1512,1620,2292,2472,1728,1728,3600,3996,3840,3852,3336,792,456,-1,2544,1980,1800,1368,2760,3324,4008
2023-08-26 17:50:00,3492,3312,-1,3312,3348,3012,3084,-1,3084,3096,3012,3192,-1,3240,3288,3420,3396,3684,3684,3720,3792,4128,3864,4212,4116,4020,4020,4080,4560,4080,4488,4440,1440,2220,-1,2640,1608,1836,1596,2748,3600,3816
2023-08-26 17:55:00,3924,3912,-1,3792,4068,3252,3528,-1,3408,3564,3384,3408,-1,3492,3276,3288,3348,3444,3444,3480,3372,3480,3540,3720,3972,4320,4320,4680,4908,4584,4524,3684,1104,1572,-1,2124,1872,1692,1800,2532,3852,4272
2023-08-26 18:00:00,3732,3588,-1,3336,3600,2940,3168,-1,3252,3420,3360,3564,-1,3696,3744,3804,3852,3744,3744,3840,3840,3768,3636,3768,3816,3984,3984,3720,3780,3372,3480,3804,840,1464,-1,2604,2100,1956,1320,2784,3504,3456
2023-08-26 18:05:00,3348,3216,-1,3264,3528,2952,3312,-1,3300,3516,3576,3576,-1,3636,3708,3660,3516,3516,3516,3660,3516,3684,3648,3636,3684,3612,3612,3864,4008,3984,4068,3792,720,1548,-1,2208,1764,1896,1860,2616,3624,3948
2023-08-26 18:10:00,3504,3552,-1,3420,3804,3036,3324,-1,3180,3348,3192,3432,-1,3456,3468,3480,3420,3432,3432,3528,3552,3600,3552,3468,3480,3480,3480,3372,3408,3432,3456,3180,1368,1212,-1,2280,1728,1548,1608,2976,3588,3804
2023-08-26 18:15:00,3720,3684,-1,3576,3600,3096,3168,-1,3036,3264,3108,3384,-1,3420,3300,3180,3312,3372,3372,3480,3288,3288,3324,3276,3384,3456,3456,3528,3492,3468,3540,3612,3516,2724,-1,2892,2304,2040,1884,2448,3192,3360
2023-08-26 18:20:00,2928,2808,-1,2796,3084,2676,2832,-1,2796,2868,2796,3036,-1,3132,3216,3324,3360,3396,3396,3468,3348,3564,3432,3288,3348,3396,3396,3408,3504,3492,3480,3372,3636,2388,-1,2724,2628,2532,2268,2868,3312,3504
2023-08-26 18:25:00,3432,3264,-1,3156,3372,2820,3096,-1,3216,3384,3192,3324,-1,3444,3336,3276,3216,3168,3168,3168,2940,3036,2988,3024,3180,3072,3072,3084,3084,2952,3060,2736,2184,1884,-1,2016,2136,2208,2400,2760,3456,3648
2023-08-26 18:30:00,3312,3060,-1,3060,3156,2556,2832,-1,2652,2700,2964,3132,-1,3228,3204,3168,3240,3288,3288,3432,3312,3312,3168,3192,3180,3120,3120,3108,3228,3168,3192,3120,3264,2328,-1,2424,2400,2580,2520,3120,3264,3336
2023-08-26 18:35:00,3936,3696,-1,3648,3828,3456,3420,-1,3264,3348,3228,3252,-1,3252,3216,3180,3228,3192,3192,3288,3228,3240,3252,3096,3180,3168,3168,3228,3360,3228,3348,3168,3036,2508,-1,2568,2532,2352,2340,2808,3012,3276
2023-08-26 18:40:00,3780,3888,-1,3924,4200,3720,4068,-1,4188,4224,4224,4320,-1,4368,4572,4584,4668,4584,4584,4620,4320,4488,4248,3888,3924,3816,3816,3504,3516,3468,3348,3264,3216,2364,-1,2280,2268,2388,2472,2904,2940,3144
2023-08-26 18:45:00,2688,2568,-1,2412,2736,2244,2436,-1,2400,2520,2700,2892,-1,2904,2820,2832,2952,3132,3132,3240,3096,3396,3528,3756,3948,4212,4212,4272,4500,4632,4752,4332,1608,2064,-1,3288,3264,3132,2988,3180,3216,3180
2023-08-26 18:50:00,3372,3312,-1,3216,3480,3144,3096,-1,3096,3276,3192,3408,-1,3360,3336,3180,3264,3180,3180,3240,3072,2952,2988,2808,2736,2616,2616,2664,2712,2592,2652,2580,2808,2268,-1,2472,2640,2652,2748,3024,3384,3720
2023-08-26 18:55:00,2664,2544,-1,2508,3036,2580,2688,-1,2736,2820,2868,2940,-1,2976,3108,3084,3108,3180,3180,3252,3132,3144,3108,3036,2952,3036,3036,2988,3012,3096,3192,3156,3420,2496,-1,2748,2748,2700,2784,3432,3384,3408
2023-08-26 19:00:00,3288,3240,-1,3096,3468,2880,3228,-1,2988,2940,2784,2904,-1,3012,2916,3012,3096,3036,3036,3180,3048,3132,3084,3024,3084,3036,3036,2940,2904,2832,2964,2844,2688,2160,-1,2220,2328,2244,2352,2952,3024,3240
2023-08-26 19:05:00,3324,3384,-1,3192,3396,2724,3144,-1,3024,3096,3276,3480,-1,3492,3396,3288,3192,3192,3192,3204,3168,3360,3312,3372,3528,3612,3612,3504,3708,3612,3540,3528,3552,2952,-1,2688,2580,2604,2532,3156,3072,3120
2023-08-26 19:10:00,3036,2832,-1,2892,3252,2604,2724,-1,2736,2916,2832,3000,-1,3084,3048,2988,3084,3060,3060,3192,3072,3168,3132,3192,3300,3312,3312,3384,3468,3384,3564,3300,3336,2580,-1,2616,2664,2640,2688,3192,3180,3432
2023-08-26 19:15:00,3372,3372,-1,3072,3588,3120,3216,-1,3132,3156,3060,3240,-1,3288,3348,3372,3480,3324,3324,3384,3348,3336,3264,3180,3036,3132,3132,3024,3048,3084,3108,3144,3060,2328,-1,2340,2292,2292,2352,2724,2976,3108
2023-08-26 19:20:00,3156,3012,-1,3144,3480,2928,3156,-1,3264,3468,3588,3684,-1,3732,3696,3540,3456,3504,3504,3516,3288,3312,3396,3276,3300,3384,3384,3396,3576,3612,3672,3324,3300,2460,-1,2604,2616,2652,2592,3120,3180,3408
2023-08-26 19:25:00,3120,2952,-1,2784,3288,2760,2928,-1,2796,2952,2940,3012,-1,3168,3216,3264,3132,3252,3252,3312,3348,3324,3276,3252,3252,3180,3180,3144,3192,3024,3048,3240,3480,2700,-1,2736,2748,2712,2772,3204,3480,3528
2023-08-26 19:30:00,3384,3264,-1,3132,3240,2868,2892,-1,2928,2952,2724,2808,-1,2868,2880,2976,3048,3096,3096,3276,3108,3216,3276,3036,2964,3084,3084,3108,3240,3228,3396,3300,3300,2676,-1,2412,2352,2364,2268,2916,2904,3060
2023-08-26 19:35:00,3444,3348,-1,3336,3648,3144,3108,-1,2952,3060,3048,3444,-1,3468,3492,3504,3420,3504,3504,3552,3516,3576,3468,3564,3804,3756,3756,3684,3720,3588,3528,3384,2628,2520,-1,2400,2484,2376,2424,2688,2820,2796
2023-08-26 19:40:00,3000,2916,-1,2760,3108,2568,2724,-1,2772,3000,3072,3180,-1,3228,3312,3312,3276,3048,3048,3192,3024,3072,3144,3192,3240,3240,3240,3300,3288,3348,3348,3180,2556,2556,-1,2796,2736,2748,2724,3012,3012,3216
2023-08-26 19:45:00,3036,3108,-1,3168,3432,2952,3084,-1,3000,3048,2988,3204,-1,3288,3192,3300,3240,3372,3372,3480,3324,3312,3264,3324,3300,3204,3204,3216,3336,3432,3528,3300,3084,2352,-1,2472,2448,2436,2328,2868,2952,3096
2023-08-26 19:50:00,3492,3384,-1,3384,3492,3108,3168,-1,2976,3096,2952,3120,-1,3228,3180,3060,3156,3216,3216,3216,3156,3192,3192,3000,2868,2844,2844,2808,2832,2760,2676,2760,2748,2340,-1,2412,2460,2580,2652,3060,3168,3288
2023-08-26 19:55:00,3468,3264,-1,3012,3252,2664,2988,-1,2976,3192,3288,3324,-1,3144,3096,3072,3072,3012,3012,3132,3000,3120,3084,3180,3144,3288,3288,3216,3348,3432,3540,3384,3492,2724,-1,2748,2736,2676,2640,2976,2988,3144
2023-08-26 20:00:00,2772,2976,-1,3024,3348,2748,3012,-1,2736,2904,2748,3132,-1,3252,3324,3432,3408,3444,3444,3624,3372,3456,3456,3504,3552,3444,3444,3456,3420,3420,3456,3240,2964,2412,-1,2484,2496,2484,2460,2856,2916,3156
2023-08-26 20:05:00,3528,3312,-1,2844,3096,2556,2724,-1,2904,2964,2868,2976,-1,2952,3048,2952,2988,3024,3024,3096,2928,3012,3060,2964,2892,2904,2904,2796,2772,2808,2832,2748,2640,2004,-1,2268,2256,2280,2220,2808,2880,3000
2023-08-26 20:10:00,2976,3204,-1,3204,3552,3012,3072,-1,3000,2928,2856,3072,-1,3252,3312,3396,3516,3432,3432,3348,3180,3120,3132,3096,3264,3468,3468,3432,3612,3396,3384,3252,2544,2376,-1,2580,2592,2628,2544,2844,2832,2832
2023-08-26 20:15:00,3048,2844,-1,2892,3276,2544,2892,-1,2892,3156,3048,3324,-1,3228,3252,3192,3204,3084,3084,3336,3168,3300,3384,3228,3192,3144,3144,3240,3216,3192,3276,3288,2796,2580,-1,2676,2592,2544,2604,3000,3024,3072
2023-08-26 20:20:00,3192,3084,-1,2976,3324,2640,2832,-1,2832,2748,2796,2988,-1,3120,3060,3012,2928,2952,2952,3108,2988,3012,3012,2808,2904,2856,2856,2952,2904,3084,3180,3000,2424,2148,-1,2484,2580,2508,2568,2904,3192,3408
2023-08-26 20:25:00,2892,2904,-1,2700,3204,2388,2628,-1,2580,2664,2532,2808,-1,2772,2808,2844,2928,2952,2952,3000,2892,3024,2964,3240,3204,3288,3288,3120,3144,3168,3024,2904,3012,2112,-1,2352,2400,2364,2328,2700,2640,2616
2023-08-26 20:30:00,3120,3060,-1,3108,3372,2628,2952,-1,2832,3000,3108,3192,-1,3312,3180,3156,3216,3096,3096,3240,3180,3204,3204,3108,3156,3108,3108,2976,3036,2976,2976,2928,2244,2352,-1,2280,2256,2220,2388,2736,2796,3084
2023-08-26 20:35:00,3228,3096,-1,2976,3420,2760,3084,-1,2928,3108,2892,3096,-1,3060,3072,3096,3132,3072,3072,3156,2916,3048,2952,3072,3120,3120,3120,3324,3372,3324,3288,3192,3036,2280,-1,2376,2400,2316,2256,2988,3060,3252
2023-08-26 20:40:00,3216,3084,-1,3024,3252,2616,2808,-1,2628,2628,2472,2712,-1,2808,2868,2760,2796,2952,2952,3012,2892,3000,2892,2880,2940,2952,2952,2916,2988,3048,3168,3168,2700,2628,-1,2604,2580,2508,2508,2832,2808,2952
2023-08-26 20:45:00,2592,2724,-1,2544,2844,2184,2484,-1,2640,2892,2976,3276,-1,3312,3180,3144,3288,3240,3240,3432,3192,3336,3396,3180,3192,3288,3288,3228,3156,3156,3132,3000,2820,2388,-1,2592,2688,2628,2676,3108,3048,3168
2023-08-26 20:50:00,2820,2760,-1,2736,3036,2472,2652,-1,2544,2580,2400,2736,-1,2760,2700,2736,2700,2772,2772,2736,2724,2700,2628,2592,2676,2664,2664,2652,2676,2640,2724,2472,2244,1872,-1,2304,2424,2460,2388,2892,3192,3384
2023-08-26 20:55:00,2544,2460,-1,2412,2664,2256,2376,-1,2388,2496,2544,2676,-1,2772,2736,2760,2832,2784,2784,2928,2748,2856,2868,2856,2916,2964,2964,3096,3060,3048,3132,2964,2916,2292,-1,2364,2400,2436,2436,3204,3180,3420
2023-08-26 21:00:00,2700,2700,-1,2676,2736,2076,2340,-1,2436,2328,2400,2520,-1,2508,2592,2580,2424,2424,2424,2340,2232,2208,2220,2256,2340,2292,2292,2280,2376,2388,2364,2316,2364,1920,-1,1848,1896,1968,1932,2508,2592,2736
2023-08-26 21:05:00,3108,3036,-1,2820,2988,2580,2880,-1,2652,2856,2952,3000,-1,2988,2856,2844,2964,2928,2928,3000,2904,2952,2832,2904,2904,2844,2844,2916,2916,2880,2916,2844,2688,2208,-1,2148,2172,2076,2124,2484,2412,2628
2023-08-26 21:10:00,2520,2340,-1,2376,2688,1932,2088,-1,1944,2028,2112,2220,-1,2472,2544,2604,2760,2820,2820,2964,2892,2904,2916,2952,2976,3000,3000,2880,2856,2952,2928,2916,2688,2280,-1,2436,2460,2316,2412,2820,2844,3036
2023-08-26 21:15:00,2796,2892,-1,2892,3180,2556,2856,-1,2916,3036,3048,3168,-1,3108,2988,3012,2988,2952,2952,3048,2844,2892,2880,2796,2748,2472,2472,2436,2376,2328,2340,2232,2460,1860,-1,1812,1776,1764,1884,2460,2640,2784
2023-08-26 21:20:00,2556,2472,-1,2412,2508,1884,2064,-1,1944,2052,1980,2316,-1,2436,2448,2424,2496,2400,2400,2472,2508,2580,2664,2556,2736,2772,2772,2880,2964,3024,3048,3024,2760,2112,-1,2436,2412,2448,2400,2904,3108,3108
2023-08-26 21:25:00,2532,2448,-1,2292,2484,1956,2148,-1,2208,2328,2232,2448,-1,2436,2364,2424,2412,2376,2376,2460,2316,2304,2292,2244,2340,2376,2376,2520,2472,2496,2604,2424,2208,1800,-1,2040,1956,1956,2016,2484,2652,2808
2023-08-26 21:30:00,2640,2556,-1,2808,2988,2436,2640,-1,2616,2712,2568,2676,-1,2796,2748,2532,2616,2628,2628,2664,2472,2544,2520,2496,2484,2412,2412,2280,2340,2316,2256,2088,2184,1440,-1,1632,1740,1668,1848,2436,2472,2568
2023-08-26 21:35:00,2208,2052,-1,1968,2292,1956,2052,-1,1968,2076,2088,2244,-1,2244,2412,2460,2556,2484,2484,2640,2532,2604,2652,2628,2688,2712,2712,2700,2652,2496,2592,2724,2796,2244,-1,2328,2400,2196,2316,2592,2568,2772
2023-08-26 21:40:00,2280,2256,-1,2232,2508,1860,2040,-1,1896,2064,2016,2280,-1,2328,2292,2136,2160,2220,2220,2184,2076,2172,2064,1980,2028,2124,2124,2160,2256,2280,2352,2244,2136,1656,-1,1824,1896,1884,1860,2160,2304,2232
2023-08-26 21:45:00,2496,2424,-1,2316,2676,2100,2100,-1,2064,2220,2088,2268,-1,2352,2304,2340,2400,2256,2256,2268,2244,2208,2256,2112,2076,2148,2148,2136,2160,2160,2172,2274,2376,1788,-1,1764,1812,1824,1812,2388,2400,2472
2023-08-26 21:50:00,1800,1884,-1,1800,2040,1512,1608,-1,1680,1704,1788,1932,-1,1920,1968,1944,2004,2124,2124,2328,2268,2340,2268,2448,2412,2520,2520,2556,2568,2556,2520,2502,2484,2088,-1,1932,1872,1992,1992,2532,2460,2448
2023-08-26 21:55:00,2076,2088,-1,2016,2256,1620,1656,-1,1680,1836,1884,1992,-1,2004,1968,1944,1968,1968,1968,1980,1944,1908,1932,1980,1980,1980,1980,1896,1896,1956,1992,1854,1716,1500,-1,1392,1404,1392,1368,1716,1872,2064
2023-08-26 22:00:00,1968,1920,-1,1800,2100,1644,1896,-1,1740,1872,1800,2004,-1,2016,2028,2040,2076,2016,2016,2028,2004,2016,1980,1956,1908,1980,1980,1980,2028,1968,2004,2010,2016,1656,-1,1668,1620,1608,1524,2040,2100,2052
2023-08-26 22:05:00,2148,2064,-1,1980,2196,1656,1872,-1,1800,1836,1800,2004,-1,2088,2076,2028,1992,1992,1992,2052,1992,1992,1992,1956,1932,1872,1872,1848,1908,1872,1884,1962,2040,1632,-1,1536,1704,1620,1608,1992,1992,2124
2023-08-26 22:10:00,1968,1896,-1,1884,2100,1440,1632,-1,1572,1644,1632,1908,-1,1932,1836,1872,1932,1896,1896,1968,1920,1980,2016,1944,1956,1968,1968,2088,2148,2232,2220,2256,2292,1764,-1,1668,1716,1584,1548,1944,2052,2040
2023-08-26 22:15:00,1908,1848,-1,1680,1812,1476,1428,-1,1440,1632,1572,1860,-1,1848,1824,1884,1944,1920,1920,1932,1836,1896,1920,1836,1944,1992,1992,1908,2004,2028,2016,2112,2208,1620,-1,1584,1488,1560,1596,1980,2016,2184
2023-08-26 22:20:00,1728,1752,-1,1800,2124,1608,1884,-1,1836,1896,1848,1860,-1,1968,1992,1956,1956,2016,2016,2040,2040,2016,1956,1980,1956,1956,1956,1872,1872,1836,1788,1836,1884,1572,-1,1440,1476,1476,1512,1968,1896,1896
2023-08-26 22:25:00,1632,1596,-1,1536,1680,1224,1344,-1,1356,1548,1548,1596,-1,1668,1668,1692,1716,1680,1680,1764,1788,1812,1752,1728,1800,1776,1776,1728,1716,1680,1716,1830,1944,1404,-1,1476,1344,1404,1368,1728,1860,2040
2023-08-26 22:30:00,1716,1692,-1,1596,1908,1416,1560,-1,1608,1728,1620,1776,-1,1764,1644,1488,1512,1524,1524,1560,1512,1524,1548,1572,1680,1644,1644,1788,1812,1908,1920,1848,1776,1584,-1,1368,1416,1416,1416,1668,1680,1656
2023-08-26 22:35:00,1572,1524,-1,1272,1548,1116,1332,-1,1212,1392,1332,1512,-1,1596,1644,1680,1704,1716,1716,1716,1656,1704,1704,1608,1632,1608,1608,1596,1596,1536,1596,1620,1644,1428,-1,1404,1476,1452,1512,1716,1692,1776
2023-08-26 22:40:00,1716,1740,-1,1800,2112,1464,1632,-1,1560,1716,1632,1848,-1,1872,1836,1848,1872,1908,1908,1872,1860,1800,1836,1704,1692,1764,1764,1704,1764,1668,1668,1620,1572,1260,-1,1296,1284,1272,1344,1716,1716,1740
2023-08-26 22:45:00,1560,1524,-1,1368,1560,1056,1176,-1,1212,1164,1176,1344,-1,1332,1452,1452,1404,1428,1428,1488,1344,1344,1440,1476,1488,1500,1500,1536,1620,1620,1668,1806,1944,1464,-1,1392,1452,1392,1404,1848,1884,2040
2023-08-26 22:50:00,1452,1428,-1,1416,1824,1284,1404,-1,1392,1524,1464,1668,-1,1692,1644,1620,1692,1740,1740,1704,1728,1836,1800,1740,1788,1752,1752,1716,1704,1812,1776,1764,1752,1236,-1,1224,1284,1296,1332,1572,1608,1632
2023-08-26 22:55:00,1608,1596,-1,1524,1728,1248,1440,-1,1308,1476,1356,1464,-1,1524,1536,1584,1584,1560,1560,1632,1512,1512,1500,1500,1440,1476,1476,1428,1464,1404,1452,1650,1848,1440,-1,1236,1308,1152,1236,1584,1644,1728
2023-08-26 23:00:00,1620,1632,-1,1548,1812,1236,1344,-1,1344,1404,1392,1524,-1,1524,1440,1452,1512,1416,1416,1428,1440,1452,1464,1428,1488,1548,1548,1512,1536,1560,1524,1668,1812,1320,-1,1284,1164,1236,1332,1620,1620,1680
2023-08-26 23:05:00,1428,1344,-1,1212,1428,984,1152,-1,1104,1224,1176,1392,-1,1440,1476,1500,1524,1512,1512,1500,1512,1476,1452,1500,1512,1524,1524,1512,1584,1560,1608,1650,1692,1200,-1,1284,1272,1284,1212,1728,1800,1872
2023-08-26 23:10:00,1512,1548,-1,1548,1764,1272,1428,-1,1392,1464,1368,1608,-1,1584,1548,1560,1560,1572,1572,1560,1572,1584,1536,1464,1476,1512,1512,1560,1548,1440,1440,1500,1560,1152,-1,1080,1116,1116,1056,1644,1476,1572
2023-08-26 23:15:00,1296,1344,-1,1284,1440,1140,1248,-1,1152,1332,1272,1440,-1,1536,1536,1584,1584,1560,1560,1608,1584,1608,1572,1548,1584,1548,1548,1488,1500,1560,1548,1578,1608,1236,-1,1200,1368,1368,1332,1728,1788,1860
2023-08-26 23:20:00,1368,1368,-1,1308,1572,1092,1116,-1,1116,1140,1188,1248,-1,1260,1224,1224,1212,1236,1236,1272,1224,1224,1308,1236,1236,1284,1284,1260,1320,1308,1332,1344,1356,1020,-1,1116,1092,1068,1092,1692,1584,1680
2023-08-26 23:25:00,1404,1404,-1,1332,1716,1164,1356,-1,1248,1380,1260,1296,-1,1380,1356,1344,1356,1272,1272,1344,1332,1392,1428,1380,1392,1416,1416,1404,1380,1428,1368,1452,1536,1128,-1,1032,1128,1068,1116,1500,1524,1608
2023-08-26 23:30:00,1140,1128,-1,1056,1272,984,1104,-1,1116,1116,1104,1356,-1,1356,1296,1332,1284,1320,1320,1404,1428,1392,1392,1428,1392,1344,1344,1308,1392,1440,1452,1578,1704,1092,-1,1068,1092,1068,1080,1392,1452,1584
2023-08-26 23:35:00,1248,1224,-1,1140,1320,984,1116,-1,1068,1128,1056,1188,-1,1164,1176,1200,1200,1212,1212,1200,1188,1188,1200,1116,1116,1068,1068,1104,1068,1080,1068,1158,1248,984,-1,900,900,900,960,1656,1656,1740
2023-08-26 23:40:00,1128,1152,-1,1092,1428,1020,1032,-1,1080,1164,1152,1344,-1,1392,1356,1380,1356,1440,1440,1392,1296,1332,1380,1356,1308,1344,1344,1368,1416,1368,1368,1416,1464,1068,-1,1044,972,1044,1044,1668,1596,1536
2023-08-26 23:45:00,1296,1248,-1,1236,1512,996,1140,-1,1056,1152,1200,1308,-1,1296,1272,1212,1248,1200,1200,1272,1212,1188,1212,1188,1212,1224,1224,1164,1152,1176,1212,1290,1368,972,-1,1068,1140,1140,1152,1512,1668,1800
2023-08-26 23:50:00,1164,1176,-1,1104,1356,984,1020,-1,900,996,888,1152,-1,1224,1224,1248,1188,1272,1272,1236,1248,1188,1248,1272,1332,1248,1248,1308,1332,1320,1356,1440,1524,948,-1,972,996,924,912,1440,1416,1452
2023-08-26 23:55:00,1188,1200,-1,1068,1212,864,936,-1,912,1044,900,1032,-1,1068,1056,1080,1092,1128,1128,1164,1140,1152,1176,1164,1164,1200,1200,1164,1152,1176,1200,1134,1068,912,-1,888,852,888,960,1404,1512,1536
